run_name,model,mode,lr,epochs,batch_size,grad_accum,ordinal_loss,accuracy,macro_f1
v2_fold0_1790553869,v2:neuralmind/bert-large-portuguese-cased,kfold,1.5e-05,1,8,2,False,0.365,0.3385129490392648
v2_fold1_1790553869,v2:neuralmind/bert-large-portuguese-cased,kfold,1.5e-05,1,8,2,False,0.37,0.346318082788671
v2_fold2_1790553869,v2:neuralmind/bert-large-portuguese-cased,kfold,1.5e-05,1,8,2,False,0.325,0.3110936756341565
v2_kfold_SUMMARY_1790553869,v2:neuralmind/bert-large-portuguese-cased,kfold,1.5e-05,1,8,2,False,0.35333333333333333,0.35182564314885173
g_large_lr1e-5_ep3_v2_fold0_1790555366,v2:neuralmind/bert-large-portuguese-cased,kfold,1e-05,3,8,2,False,0.45135605872107487,0.4463014366720546
g_large_lr1e-5_ep3_v2_kfold_SUMMARY_1790555366,v2:neuralmind/bert-large-portuguese-cased,kfold,1e-05,3,8,2,False,0.45135605872107487,0.4463014366720546
g_large_lr2e-5_ep3_v2_fold0_1790557511,v2:neuralmind/bert-large-portuguese-cased,kfold,2e-05,3,8,2,False,0.4590694202537945,0.45774053973132905
g_large_lr2e-5_ep3_v2_kfold_SUMMARY_1790557511,v2:neuralmind/bert-large-portuguese-cased,kfold,2e-05,3,8,2,False,0.4590694202537945,0.45774053973132905
g_large_lr1e-5_ep4_v2_fold0_1790559655,v2:neuralmind/bert-large-portuguese-cased,kfold,1e-05,4,8,2,False,0.45284896740482705,0.4496945980698453
g_large_lr1e-5_ep4_v2_kfold_SUMMARY_1790559655,v2:neuralmind/bert-large-portuguese-cased,kfold,1e-05,4,8,2,False,0.45284896740482705,0.4496945980698453
g_large_lr2e-5_ep2_v2_fold0_1790562507,v2:neuralmind/bert-large-portuguese-cased,kfold,2e-05,2,8,2,False,0.45359542174670314,0.4502122862345268
g_large_lr2e-5_ep2_v2_kfold_SUMMARY_1790562507,v2:neuralmind/bert-large-portuguese-cased,kfold,2e-05,2,8,2,False,0.45359542174670314,0.4502122862345268
g_large_dupone_v2_fold0_1790563945,v2:neuralmind/bert-large-portuguese-cased,kfold,1.5e-05,3,8,2,False,0.4433938790743966,0.43868324880875703
g_large_dupone_v2_kfold_SUMMARY_1790563945,v2:neuralmind/bert-large-portuguese-cased,kfold,1.5e-05,3,8,2,False,0.4433938790743966,0.43868324880875703
g_large_len256_v2_fold0_1790566087,v2:neuralmind/bert-large-portuguese-cased,kfold,1.5e-05,3,8,2,False,0.45483951231649666,0.4527484626450467
g_large_len256_v2_kfold_SUMMARY_1790566087,v2:neuralmind/bert-large-portuguese-cased,kfold,1.5e-05,3,8,2,False,0.45483951231649666,0.4527484626450467
g_legalbert_v2_fold0_1790567799,v2:felipemaiapolo/legalnlp-bert,kfold,3e-05,3,16,1,False,0.4568300572281662,0.4507152453523722
g_legalbert_v2_kfold_SUMMARY_1790567799,v2:felipemaiapolo/legalnlp-bert,kfold,3e-05,3,16,1,False,0.4568300572281662,0.4507152453523722
g_base_lr3e-5_v2_fold0_1790568738,v2:neuralmind/bert-base-portuguese-cased,kfold,3e-05,3,16,1,False,0.45782532968400097,0.45291674214293254
g_base_lr3e-5_v2_kfold_SUMMARY_1790568738,v2:neuralmind/bert-base-portuguese-cased,kfold,3e-05,3,16,1,False,0.45782532968400097,0.45291674214293254
final_large_v2_fold0_1790601626,v2:neuralmind/bert-large-portuguese-cased,kfold,2e-05,3,8,2,False,0.44787260512565313,0.44579615847024784
final_large_v2_fold1_1790601626,v2:neuralmind/bert-large-portuguese-cased,kfold,2e-05,3,8,2,False,0.460179193628671,0.4568267233242913
final_large_v2_fold2_1790601626,v2:neuralmind/bert-large-portuguese-cased,kfold,2e-05,3,8,2,False,0.4641612742658039,0.46313311741450075
final_large_v2_fold3_1790601626,v2:neuralmind/bert-large-portuguese-cased,kfold,2e-05,3,8,2,False,0.4554504728720757,0.4500755150835702
final_large_v2_fold4_1790601626,v2:neuralmind/bert-large-portuguese-cased,kfold,2e-05,3,8,2,False,0.4492284718765555,0.443636317087339
final_large_v2_kfold_SUMMARY_1790601626,v2:neuralmind/bert-large-portuguese-cased,kfold,2e-05,3,8,2,False,0.45537802996366533,0.45253164814431956
final_legal_v2_fold0_1790612371,v2:felipemaiapolo/legalnlp-bert,kfold,3e-05,3,16,1,False,0.45633242100024884,0.45025004655876294
final_legal_v2_fold1_1790612371,v2:felipemaiapolo/legalnlp-bert,kfold,3e-05,3,16,1,False,0.4646590343454455,0.46217958631065387
final_legal_v2_fold2_1790612371,v2:felipemaiapolo/legalnlp-bert,kfold,3e-05,3,16,1,False,0.44798407167745147,0.4403266536713928
final_legal_v2_fold3_1790612371,v2:felipemaiapolo/legalnlp-bert,kfold,3e-05,3,16,1,False,0.4576903932304629,0.44725466857524215
final_legal_v2_fold4_1790612371,v2:felipemaiapolo/legalnlp-bert,kfold,3e-05,3,16,1,False,0.4522150323544052,0.4500249443149162
final_legal_v2_kfold_SUMMARY_1790612371,v2:felipemaiapolo/legalnlp-bert,kfold,3e-05,3,16,1,False,0.4557762182071574,0.4507578730110957
v2_fold0_1790635713,v2:PORTULAN/albertina-900m-portuguese-ptbr-encoder,kfold,1.5e-05,1,2,8,False,0.315,0.27121212121212124
v2_fold1_1790635713,v2:PORTULAN/albertina-900m-portuguese-ptbr-encoder,kfold,1.5e-05,1,2,8,False,0.31,0.3044184173018529
v2_fold2_1790635713,v2:PORTULAN/albertina-900m-portuguese-ptbr-encoder,kfold,1.5e-05,1,2,8,False,0.35,0.3412024067978616
v2_kfold_SUMMARY_1790635713,v2:PORTULAN/albertina-900m-portuguese-ptbr-encoder,kfold,1.5e-05,1,2,8,False,0.325,0.3232334940245691
v2_fold0_1790639177,v2:Itau-Unibanco/NorBERTo-large,kfold,1.5e-05,1,8,2,False,0.33,0.32810888079430284
v2_fold1_1790639177,v2:Itau-Unibanco/NorBERTo-large,kfold,1.5e-05,1,8,2,False,0.335,0.29253998638077006
v2_fold2_1790639177,v2:Itau-Unibanco/NorBERTo-large,kfold,1.5e-05,1,8,2,False,0.335,0.33385216465450346
v2_kfold_SUMMARY_1790639177,v2:Itau-Unibanco/NorBERTo-large,kfold,1.5e-05,1,8,2,False,0.3333333333333333,0.3230015813483686
v2_fold0_1790639802,v2:PORTULAN/albertina-900m-portuguese-ptbr-encoder,kfold,0.0002,1,4,4,False,0.425,0.41571410305587525
v2_fold1_1790639802,v2:PORTULAN/albertina-900m-portuguese-ptbr-encoder,kfold,0.0002,1,4,4,False,0.3,0.26733647305075875
v2_fold2_1790639802,v2:PORTULAN/albertina-900m-portuguese-ptbr-encoder,kfold,0.0002,1,4,4,False,0.395,0.31554280248684835
v2_kfold_SUMMARY_1790639802,v2:PORTULAN/albertina-900m-portuguese-ptbr-encoder,kfold,0.0002,1,4,4,False,0.37333333333333335,0.3468371464554671
g_norb_lr3e-5_v2_fold0_1790640544,v2:Itau-Unibanco/NorBERTo-large,kfold,3e-05,3,8,2,False,0.4580741477979597,0.4577926575627181
g_norb_lr3e-5_v2_kfold_SUMMARY_1790640544,v2:Itau-Unibanco/NorBERTo-large,kfold,3e-05,3,8,2,False,0.4580741477979597,0.4577926575627181
g_alb_lora16_lr2e-4_v2_fold0_1790643156,v2:PORTULAN/albertina-900m-portuguese-ptbr-encoder,kfold,0.0002,3,4,4,False,0.4518536949489923,0.4490166709872061
g_alb_lora16_lr2e-4_v2_kfold_SUMMARY_1790643156,v2:PORTULAN/albertina-900m-portuguese-ptbr-encoder,kfold,0.0002,3,4,4,False,0.4518536949489923,0.4490166709872061
g_norb_lr5e-5_v2_fold0_1790652398,v2:Itau-Unibanco/NorBERTo-large,kfold,5e-05,3,8,2,False,0.4580741477979597,0.45802507034163237
g_norb_lr5e-5_v2_kfold_SUMMARY_1790652398,v2:Itau-Unibanco/NorBERTo-large,kfold,5e-05,3,8,2,False,0.4580741477979597,0.45802507034163237
g_alb_lora16_lr1e-4_v2_fold0_1790655014,v2:PORTULAN/albertina-900m-portuguese-ptbr-encoder,kfold,0.0001,3,4,4,False,0.4523513311769097,0.44321305201236266
g_alb_lora16_lr1e-4_v2_kfold_SUMMARY_1790655014,v2:PORTULAN/albertina-900m-portuguese-ptbr-encoder,kfold,0.0001,3,4,4,False,0.4523513311769097,0.44321305201236266
g_norb_lr3e-5_len1024_v2_fold0_1790664304,v2:Itau-Unibanco/NorBERTo-large,kfold,3e-05,3,4,4,False,0.4461308783279423,0.4451301895544361
g_norb_lr3e-5_len1024_v2_kfold_SUMMARY_1790664304,v2:Itau-Unibanco/NorBERTo-large,kfold,3e-05,3,4,4,False,0.4461308783279423,0.4451301895544361
g_norb_lr2e-5_v2_fold0_1790667810,v2:Itau-Unibanco/NorBERTo-large,kfold,2e-05,3,8,2,False,0.44712615078377704,0.4447455534589742
g_norb_lr2e-5_v2_kfold_SUMMARY_1790667810,v2:Itau-Unibanco/NorBERTo-large,kfold,2e-05,3,8,2,False,0.44712615078377704,0.4447455534589742
final_g_norb_lr3e-5_v2_fold0_1790685940,v2:Itau-Unibanco/NorBERTo-large,kfold,3e-05,3,8,2,False,0.4575765115700423,0.4570075724609158
final_g_norb_lr3e-5_v2_fold1_1790685940,v2:Itau-Unibanco/NorBERTo-large,kfold,3e-05,3,8,2,False,0.4651567944250871,0.4634875500326529
final_g_norb_lr3e-5_v2_fold2_1790685940,v2:Itau-Unibanco/NorBERTo-large,kfold,3e-05,3,8,2,False,0.4609258337481334,0.4602424924175399
final_g_norb_lr3e-5_v2_fold3_1790685940,v2:Itau-Unibanco/NorBERTo-large,kfold,3e-05,3,8,2,False,0.45569935291189645,0.4538475064856345
final_g_norb_lr3e-5_v2_fold4_1790685940,v2:Itau-Unibanco/NorBERTo-large,kfold,3e-05,3,8,2,False,0.4532105525136884,0.45252838717405647
final_g_norb_lr3e-5_v2_kfold_SUMMARY_1790685940,v2:Itau-Unibanco/NorBERTo-large,kfold,3e-05,3,8,2,False,0.4585137623811657,0.45758594843647393
